source,folder,name,singer_type,format,model_root,sample_rate,frame_period,feature_type,use_world_codec,relative_f0,question,question_size,timelag_kind,timelag_class,timelag_dims,duration_kind,duration_class,duration_dims,acoustic_kind,acoustic_class,acoustic_dims,acoustic_submodels,acoustic_hparams,acoustic_stream_sizes,post_filter,vocoder_type,vocoder_class,extra_models,extensions,n_editor_display,n_editor_voice_mix,n_editor_timing,model_size_mb,acoustic_fingerprint,same_model_as,note
F:\UTAU\voice,Albert_1.0,Albert AI ver.1.0,,旧形式 (enuconfig.yaml),Albert_1.0,44100,5,world,,True,sztj_polish.hed,QS=250 CQS=63,MDN,nnsvs.model.MDN,313->1,MDN,nnsvs.model.MDN,313->1,Conv1dResnet + MDN,nnsvs.model.Conv1dResnetMDN,317->199,,hidden_dim=512 num_layers=4 num_gaussians=4,"[180, 3, 1, 15]",post_filter,WORLD (信号処理),,,,,,,111.1,291904c4dd87,,character.yaml に singer_type: enunu の指定なし
F:\UTAU\voice,Ashera_DiffSinger_v100,Ashera Lyre v100,diffsinger,旧形式 (enuconfig.yaml),Ashera_DiffSinger_v100\enunux,44100,5,world,,True,rusjap.hed,QS=285 CQS=46,MDN,nnsvs.model.MDNv2,331->1,VariancePredictor,nnsvs.model.VariancePredictor,331->1,Conv1dResnet,nnsvs.model.Conv1dResnet,335->189,,hidden_dim=768 num_layers=4 num_gaussians=8,"[180, 3, 1, 5]",merlin,WORLD (信号処理),,,,,,,,,,"チェックポイント欠落: timelag/best_loss.pth (onnxのみ有), duration/best_loss.pth (onnxのみ有), acoustic/best_loss.pth / モデルはサブフォルダ enunux にある / character.yaml に singer_type: enunu の指定なし"
F:\UTAU\voice,ENUNU_A.I.CHI_v1.1.1,秋山大智 AI v1.1.1,,旧形式 (enuconfig.yaml),ENUNU_A.I.CHI_v1.1.1,44100,5,world,,True,intunist_en.hed,QS=373 CQS=46,MDN,nnsvs.model.MDNv2,419->1,VariancePredictor,nnsvs.model.VariancePredictor,419->1,FFConvLSTM,nnsvs.model.FFConvLSTM,423->189,,num_lstm_layers=2 lstm_hidden_dim=256 bidirectional=True,"[180, 3, 1, 5]",gv,WORLD (信号処理),,,timing_editor:script,,,,496.0,d35486c02dd9,,character.yaml に singer_type: enunu の指定なし
F:\UTAU\voice,ENUNU_Haruqa_20201213,ENUNU_Haruqa,,旧形式 (enuconfig.yaml),ENUNU_Haruqa_20201213,48000,5,world,,True,jp_qst001_nnsvs.hed,QS=357 CQS=63,FeedForwardNet,nnsvs.model.FeedForwardNet,420->1,LSTM-RNN,nnsvs.model.LSTMRNN,420->1,Conv1dResnet,nnsvs.model.Conv1dResnet,424->199,,hidden_dim=128 num_layers=6,"[180, 3, 1, 15]",post_filter,WORLD (信号処理),,,timing_editor:velocity_applier+enunu_timing_auto_correct,,,,17.2,5f4a819a4b58,,character.yaml に singer_type: enunu の指定なし
F:\UTAU\voice,ENUNU_Haruqa_20211030_仮配布,ENUNU_Haruqa_20211030,,旧形式 (enuconfig.yaml),ENUNU_Haruqa_20211030_仮配布,48000,5,world,,True,jp_qst_crazy_mono_013_enunu_221D.hed,QS=186 CQS=35,FeedForwardNet,nnsvs.model.FeedForwardNet,221->1,LSTM-RNN,nnsvs.model.LSTMRNN,221->1,Conv1dResnet,nnsvs.model.Conv1dResnet,225->199,,hidden_dim=128 num_layers=6,"[180, 3, 1, 15]",post_filter,WORLD (信号処理),,,timing_editor:velocity_applier+enunu_timing_auto_correct,,,,13.7,77137c9ead30,,character.yaml に singer_type: enunu の指定なし
F:\UTAU\voice,ENUNU_KanadeShia_20251101,ENUNU_Kanadeshia_Pre,enunu,新形式 (packed model / config.yaml),ENUNU_KanadeShia_20251101,48000,5,world,True,False,qst.hed,QS=69 CQS=16,VariancePredictor,nnsvs.model.VariancePredictor,85->1,VariancePredictor,nnsvs.model.VariancePredictor,85->1,Multistream (NPSS-MDN),nnsvs.acoustic_models.NPSSMDNMultistreamParametricModel,89->67,lf0_model=BiLSTMResF0NonAttentiveDecoder / mgc_model=GaussianDiffusion / bap_model=GaussianDiffusion / vuv_model=FFConvLSTM,reduction_factor=4,"[60, 1, 1, 5]",,Parallel HN-uSFGAN,usfgan.models.ParallelHnUSFGANGenerator,,ust_editor:style_shifter+flag_separator_ou ; timing_editor:velocity_applier+enunu_timing_auto_correct ; acoustic_editor:style_shifter,,,,104.7,f04b294e8126,singer/花撫シア,
F:\UTAU\voice,ENUNU_KanadeShia_30kx4,ENUNU_KanadeShia_30kx4,enunu,旧形式 (enuconfig.yaml),ENUNU_KanadeShia_30kx4,44100,5,world,,True,canon_001_enunu_272D.hed,QS=237 CQS=35,RMDN (MDN),nnsvs.model.RMDN,272->1,RMDN (MDN),nnsvs.model.RMDN,272->1,Conv1dResnet + MDN,nnsvs.model.Conv1dResnetMDN,276->199,,hidden_dim=128 num_layers=6 num_gaussians=4,"[180, 3, 1, 15]",post_filter,WORLD (信号処理),,,timing_editor:velocity_applier+enunu_timing_auto_correct ; acoustic_editor:f0_smoother,,,,75.4,734185afde21,voice/ENUNU_KanadeShia_Beginning_30kx4,
F:\UTAU\voice,ENUNU_KanadeShia_Beginning_30k,ENUNU_KanadeShia_Beginning_30k,,旧形式 (enuconfig.yaml),ENUNU_KanadeShia_Beginning_30k,44100,5,world,,True,canon_001_enunu_272D.hed,QS=237 CQS=35,RMDN (MDN),nnsvs.model.RMDN,272->1,RMDN (MDN),nnsvs.model.RMDN,272->1,Conv1dResnet + MDN,nnsvs.model.Conv1dResnetMDN,276->199,,hidden_dim=128 num_layers=6 num_gaussians=4,"[180, 3, 1, 15]",post_filter,WORLD (信号処理),,,timing_editor:velocity_applier+enunu_timing_auto_correct ; acoustic_editor:f0_smoother,,,,75.4,73720fc625f8,,character.yaml に singer_type: enunu の指定なし
F:\UTAU\voice,ENUNU_KanadeShia_Beginning_30kx4,ENUNU_KanadeShia_Beginning_30kx4,,旧形式 (enuconfig.yaml),ENUNU_KanadeShia_Beginning_30kx4,44100,5,world,,True,canon_001_enunu_272D.hed,QS=237 CQS=35,RMDN (MDN),nnsvs.model.RMDN,272->1,RMDN (MDN),nnsvs.model.RMDN,272->1,Conv1dResnet + MDN,nnsvs.model.Conv1dResnetMDN,276->199,,hidden_dim=128 num_layers=6 num_gaussians=4,"[180, 3, 1, 15]",post_filter,WORLD (信号処理),,,timing_editor:velocity_applier+enunu_timing_auto_correct ; acoustic_editor:f0_smoother,,,,75.4,734185afde21,voice/ENUNU_KanadeShia_30kx4,character.yaml に singer_type: enunu の指定なし
F:\UTAU\voice,ENUNU_Kanadeshia_Dimiwse_typeN,ENUNU_Kanadeshia_Dimiwse,enunu,新形式 (packed model / config.yaml),ENUNU_Kanadeshia_Dimiwse_typeN,48000,5,world,True,False,qst.hed,QS=56 CQS=32,VariancePredictor,nnsvs.model.VariancePredictor,88->1,VariancePredictor,nnsvs.model.VariancePredictor,88->1,Multistream (NPSS-MDN),nnsvs.acoustic_models.NPSSMDNMultistreamParametricModel,92->67,lf0_model=BiLSTMResF0NonAttentiveDecoder / mgc_model=GaussianDiffusion / bap_model=GaussianDiffusion / vuv_model=FFConvLSTM,reduction_factor=4,"[60, 1, 1, 5]",,SiFi-GAN,sifigan.models.SiFiGANGenerator,,timing_editor:enunu_timing_auto_correct,,,,139.1,0596cd98aa91,,
F:\UTAU\voice,ENUNU_KanadeShia_NightScene_RMDN,,,未展開/不明,,,,,,,,,,,,,,,,,,,,,,,,,,,,,,,,"モデルファイルが見つからない (ENUNU_KanadeShia_NightScene_RMDN.zip, password.txt)"
F:\UTAU\voice,ENUNU_KanadeShia_NightScene_RMDNx3,ENUNU_KanadeShia_NightScene_RMDNx3,enunu,旧形式 (enuconfig.yaml),ENUNU_KanadeShia_NightScene_RMDNx3,44100,5,world,,True,canon_001_enunu_272D_shia_2x3.hed,QS=243 CQS=35,RMDN (MDN),nnsvs.model.RMDN,278->1,RMDN (MDN),nnsvs.model.RMDN,278->1,Conv1dResnet + MDN,nnsvs.model.Conv1dResnetMDN,282->199,,hidden_dim=128 num_layers=6 num_gaussians=4,"[180, 3, 1, 15]",post_filter,WORLD (信号処理),,,timing_editor:velocity_applier+enunu_timing_auto_correct ; acoustic_editor:f0_smoother,,,,75.5,b54e96be2ea0,,
F:\UTAU\voice,ENUNU_KanadeShia_NightScene_SiFiGAN_MEL,ENUNU_KanadeShia_NightScene_SiFiGAN_MEL,enunu,新形式 (packed model / config.yaml),ENUNU_KanadeShia_NightScene_SiFiGAN_MEL,48000,5,melf0,True,False,qst.hed,QS=56 CQS=32,VariancePredictor,nnsvs.model.VariancePredictor,88->1,VariancePredictor,nnsvs.model.VariancePredictor,88->1,Multistream,nnsvs.acoustic_models.MDNMultistreamSeparateF0MelModel,92->82,lf0_model=BiLSTMResF0NonAttentiveDecoder / mel_model=GaussianDiffusion / vuv_model=FFConvLSTM,reduction_factor=4,"[80, 1, 1]",,SiFi-GAN,sifigan.models.SiFiGANGenerator,,timing_editor:enunu_timing_auto_correct ; wav_synthesizer:synthe,,,,128.4,8d4485d8a232,,
F:\UTAU\voice,ENUNU_KanadeShia_NightScene_SiFiGAN_WORLD,ENUNU_KanadeShia_NightScene_SiFiGAN_WORLD,enunu,新形式 (packed model / config.yaml),ENUNU_KanadeShia_NightScene_SiFiGAN_WORLD,48000,5,world,True,False,qst.hed,QS=56 CQS=32,VariancePredictor,nnsvs.model.VariancePredictor,88->1,VariancePredictor,nnsvs.model.VariancePredictor,88->1,Multistream (NPSS-MDN),nnsvs.acoustic_models.NPSSMDNMultistreamParametricModel,92->67,lf0_model=BiLSTMResF0NonAttentiveDecoder / mgc_model=GaussianDiffusion / bap_model=GaussianDiffusion / vuv_model=FFConvLSTM,reduction_factor=4,"[60, 1, 1, 5]",,SiFi-GAN,sifigan.models.SiFiGANGenerator,,timing_editor:enunu_timing_auto_correct ; wav_synthesizer:acoustic,,,,139.1,c26391db0eea,,
F:\UTAU\voice,enunu_kodoku_model_20220807-2_rmdn,ENUNU蟲毒モデル(20220807-2),enunu,旧形式 (enuconfig.yaml),enunu_kodoku_model_20220807-2_rmdn,44100,5,world,,True,canon_001_enunu_272D.hed,QS=237 CQS=35,RMDN (MDN),nnsvs.model.RMDN,272->1,RMDN (MDN),nnsvs.model.RMDN,272->1,Conv1dResnet + MDN,nnsvs.model.Conv1dResnetMDN,276->199,,hidden_dim=128 num_layers=6 num_gaussians=4,"[180, 3, 1, 15]",post_filter,WORLD (信号処理),,,timing_editor:velocity_applier ; acoustic_editor:f0_smoother,,,,75.4,49046b90b216,,
F:\UTAU\voice,ENUNU_おふとんP_ResSkipF0FFConvLSTM_v0.0.1,ENUNU おふとんP ResSkipF0FFConvLSTM v0.0.1,,旧形式 (enuconfig.yaml),ENUNU_おふとんP_ResSkipF0FFConvLSTM_v0.0.1,48000,5,world,,False,jp_experimental.hed,QS=285 CQS=46,MDN,nnsvs.model.MDN,331->1,MDN,nnsvs.model.MDN,331->1,ResSkipF0FFConvLSTM,nnsvs.model.ResSkipF0FFConvLSTM,335->206,,lstm_hidden_dim=256 bidirectional=True,"[180, 3, 1, 15, 6, 1]",post_filter,WORLD (信号処理),,,,,,,164.1,bd591b47d9a6,,character.yaml に singer_type: enunu の指定なし
F:\UTAU\voice,ENUNU_夏目悠李_ResSkipF0FFConvLSTM_v0.0.1,ENUNU 夏目悠李 ResSkipF0FFConvLSTM v0.0.1,enunu,旧形式 (enuconfig.yaml),ENUNU_夏目悠李_ResSkipF0FFConvLSTM_v0.0.1,48000,5,world,,False,jp_experimental.hed,QS=285 CQS=46,MDN,nnsvs.model.MDN,331->1,MDN,nnsvs.model.MDN,331->1,ResSkipF0FFConvLSTM,nnsvs.model.ResSkipF0FFConvLSTM,335->206,,lstm_hidden_dim=256 bidirectional=True,"[180, 3, 1, 15, 6, 1]",post_filter,WORLD (信号処理),,,timing_editor:velocity_applier+enunu_timing_auto_correct,,,,164.1,6a51063cfda3,,
F:\UTAU\voice,ENUNU_夏目悠李_RMDN_v0.0.1,ENUNU 夏目悠李 RMDN v0.0.1,,旧形式 (enuconfig.yaml),ENUNU_夏目悠李_RMDN_v0.0.1,48000,5,world,,True,jp_qst_crazy_mono_005-2_enunu_182D.hed,QS=152 CQS=30,FeedForwardNet,nnsvs.model.FeedForwardNet,182->1,RMDN (MDN),nnsvs.model.RMDN,182->1,RMDN (MDN),nnsvs.model.RMDN,186->199,,hidden_dim=256 num_layers=2 num_gaussians=4 bidirectional=True,"[180, 3, 1, 15]",post_filter,WORLD (信号処理),,,,,,,76.1,e2a25f4252f2,,character.yaml に singer_type: enunu の指定なし
F:\UTAU\voice,ENUNU_夏目悠李_RMDN_v0.0.3,ENUNU 夏目悠李 RMDN v0.0.3,,旧形式 (enuconfig.yaml),ENUNU_夏目悠李_RMDN_v0.0.3,48000,5,world,,True,jp_qst_crazy_mono_005-2_enunu_182D.hed,QS=152 CQS=30,FeedForwardNet,nnsvs.model.FeedForwardNet,182->1,RMDN (MDN),nnsvs.model.RMDN,182->1,RMDN (MDN),nnsvs.model.RMDN,186->199,,hidden_dim=256 num_layers=2 num_gaussians=4 bidirectional=True,"[180, 3, 1, 15]",post_filter,WORLD (信号処理),,,timing_editor:velocity_applier+enunu_timing_auto_correct ; acoustic_editor:f0_smoother,,,,76.1,fdc22247699b,,character.yaml に singer_type: enunu の指定なし
F:\UTAU\voice,ENUNU_欲音ルコ♀_melf0-diffusion_V100,ENUNU 欲音ルコ♀ 拡散モデル（melf0-diffusion） Ver.1.00,enunu,新形式 (packed model / config.yaml),ENUNU_欲音ルコ♀_melf0-diffusion_V100,48000,5,melf0,True,False,qst.hed,QS=52 CQS=32,VariancePredictor,nnsvs.model.VariancePredictor,84->1,VariancePredictor,nnsvs.model.VariancePredictor,84->1,Multistream,nnsvs.acoustic_models.MDNMultistreamSeparateF0MelModel,88->82,lf0_model=BiLSTMResF0NonAttentiveDecoder / mel_model=GaussianDiffusion / vuv_model=FFConvLSTM,reduction_factor=4,"[80, 1, 1]",,SiFi-GAN,sifigan.models.SiFiGANGenerator,,timing_editor:enunu_timing_auto_correct ; wav_synthesizer:synthe,,,,128.4,34db8d2cee66,,
F:\UTAU\voice,ENUNU_欲音ルコ♀_RMDN_V100,ENUNU 欲音ルコ♀（RMDN） Ver.1.00,enunu,旧形式 (enuconfig.yaml),ENUNU_欲音ルコ♀_RMDN_V100,44100,5,world,,True,canon_001_enunu_272D_ruko2mix.hed,QS=239 CQS=35,RMDN (MDN),nnsvs.model.RMDN,274->1,RMDN (MDN),nnsvs.model.RMDN,274->1,Conv1dResnet + MDN,nnsvs.model.Conv1dResnetMDN,278->199,,hidden_dim=128 num_layers=6 num_gaussians=4,"[180, 3, 1, 15]",post_filter,WORLD (信号処理),,,timing_editor:velocity_applier+enunu_timing_auto_correct ; acoustic_editor:f0_smoother,,,,75.4,798e97c3e7d0,,
F:\UTAU\voice,ENUNU_欲音ルコ♀_WORLD-diffusion_V100,ENUNU 欲音ルコ♀ 拡散モデル（WORLD-diffusion） Ver.1.00,enunu,新形式 (packed model / config.yaml),ENUNU_欲音ルコ♀_WORLD-diffusion_V100,48000,5,world,True,False,qst.hed,QS=52 CQS=32,VariancePredictor,nnsvs.model.VariancePredictor,84->1,VariancePredictor,nnsvs.model.VariancePredictor,84->1,Multistream (NPSS-MDN),nnsvs.acoustic_models.NPSSMDNMultistreamParametricModel,88->67,lf0_model=BiLSTMResF0NonAttentiveDecoder / mgc_model=GaussianDiffusion / bap_model=GaussianDiffusion / vuv_model=FFConvLSTM,reduction_factor=4,"[60, 1, 1, 5]",,SiFi-GAN,sifigan.models.SiFiGANGenerator,,timing_editor:enunu_timing_auto_correct ; wav_synthesizer:acoustic ; acoustic_calculator:nnsvs ; timing_calculator:nnsvs,,,,139.1,b32508caf168,,
F:\UTAU\voice,ENUNU_波音リツ_CRISSCROSS_2824,波音リツ NNSVS/ENUNU クリスクロス Ver.1.0.0 #2824,enunu,新形式 (packed model / config.yaml),ENUNU_波音リツ_CRISSCROSS_2824,48000,5,melf0,True,False,qst.hed,QS=71 CQS=32,VariancePredictor,nnsvs.model.VariancePredictor,103->1,VariancePredictor,nnsvs.model.VariancePredictor,103->1,Multistream,nnsvs.acoustic_models.MDNMultistreamSeparateF0MelModel,107->82,lf0_model=BiLSTMResF0NonAttentiveDecoder / mel_model=GaussianDiffusion / vuv_model=FFConvLSTM,reduction_factor=4,"[80, 1, 1]",,SiFi-GAN,sifigan.models.SiFiGANGenerator,,timing_editor:enunu_timing_auto_correct ; timing_editor_2:velocity_applier ; acoustic_editor:style_shifter ; ust_editor:style_shifter,,,,128.6,ab5e84bb2244,,
F:\UTAU\voice,ENUNU_波音リツ_キレ_1328,波音リツ キレモデル Ver.1.0.3 #1328,,旧形式 (enuconfig.yaml),ENUNU_波音リツ_キレ_1328\ENUNU_波音リツ_キレ_1328,44100,5,world,,True,canon_001_enunu_272D_4mix.hed,QS=241 CQS=35,RMDN (MDN),nnsvs.model.RMDN,276->1,RMDN (MDN),nnsvs.model.RMDN,276->1,Conv1dResnet + MDN,nnsvs.model.Conv1dResnetMDN,280->199,,hidden_dim=128 num_layers=6 num_gaussians=4,"[180, 3, 1, 15]",post_filter,WORLD (信号処理),,,ust_editor:style_shifter ; timing_editor:velocity_applier+enunu_timing_auto_correct ; acoustic_editor:f0_smoother+style_shifter,,,,75.5,2cbc74448249,,モデルはサブフォルダ ENUNU_波音リツ_キレ_1328 にある / character.yaml に singer_type: enunu の指定なし
F:\UTAU\voice,ENUNU_波音リツCC_#4130_5styles_WD_HN-uSFGAN,波音リツ CRISSCROSS #4130 5styles WD HN-uSFGAN,enunu,新形式 (packed model / config.yaml),ENUNU_波音リツCC_#4130_5styles_WD_HN-uSFGAN,48000,5,world,True,False,qst.hed,QS=80 CQS=32,VariancePredictor,nnsvs.model.VariancePredictor,112->1,VariancePredictor,nnsvs.model.VariancePredictor,112->1,Multistream (NPSS-MDN),nnsvs.acoustic_models.NPSSMDNMultistreamParametricModel,116->67,lf0_model=BiLSTMResF0NonAttentiveDecoder / mgc_model=GaussianDiffusion / bap_model=GaussianDiffusion / vuv_model=FFConvLSTM,reduction_factor=4,"[60, 1, 1, 5]",,Parallel HN-uSFGAN,usfgan.models.ParallelHnUSFGANGenerator,,ust_editor:style_shifter+flag_separator ; timing_editor:velocity_applier+enunu_timing_auto_correct ; acoustic_editor:style_shifter,,,,104.9,a15bf1b8dc94,singer/波音リツCC,
F:\UTAU\voice,ENUNU_波音リツVer2_1202,波音リツENUNU_Ver.2 #1202,,旧形式 (enuconfig.yaml),ENUNU_波音リツVer2_1202,44100,5,world,,True,jp_qst_crazy_mono_014_enunu_mdn_206D.hed,QS=171 CQS=35,RMDN (MDN),nnsvs.model.RMDN,206->1,RMDN (MDN),nnsvs.model.RMDN,206->1,Conv1dResnet + MDN,nnsvs.model.Conv1dResnetMDN,210->199,,hidden_dim=128 num_layers=6 num_gaussians=4,"[180, 3, 1, 15]",post_filter,WORLD (信号処理),,,wav_synthesizer:synthe,,,,74.3,2f73a7a54c57,,character.yaml に singer_type: enunu の指定なし
F:\UTAU\voice,ENUNU_雨星サイファAI-Mira-2626,雨星サイファAI -Mira- ENUNU2626,enunu,旧形式 (enuconfig.yaml),ENUNU_雨星サイファAI-Mira-2626,44600,5,world,,True,canon_001_enunu_272D_3x3+4.hed,QS=250 CQS=35,RMDN (MDN),nnsvs.model.RMDN,285->1,RMDN (MDN),nnsvs.model.RMDN,285->1,Conv1dResnet + MDN,nnsvs.model.Conv1dResnetMDN,289->199,,hidden_dim=128 num_layers=6 num_gaussians=4,"[180, 3, 1, 15]",post_filter,WORLD (信号処理),,,timing_editor:velocity_applier+enunu_timing_auto_correct ; acoustic_editor:f0_smoother,,,,75.6,1911c2addd4e,,sample_rate=44600 は非標準値 (設定ミスの可能性)
F:\UTAU\voice,ENUNU_雨星サイファAI-MS_0314,雨星サイファAI-MS_0314,enunu,新形式 (packed model / config.yaml),ENUNU_雨星サイファAI-MS_0314,48000,5,melf0,True,False,qst.hed,QS=62 CQS=10,VariancePredictor,nnsvs.model.VariancePredictor,72->1,VariancePredictor,nnsvs.model.VariancePredictor,72->1,Multistream,nnsvs.acoustic_models.MDNMultistreamSeparateF0MelModel,76->82,lf0_model=BiLSTMResF0NonAttentiveDecoder / mel_model=GaussianDiffusion / vuv_model=FFConvLSTM,reduction_factor=4,"[80, 1, 1]",,SiFi-GAN,sifigan.models.SiFiGANGenerator,,timing_editor:enunu_timing_auto_correct ; wav_synthesizer:synthe,,,,128.3,9039c5be6356,,
F:\UTAU\voice,ENUNU_雨星サイファAI-WS_0109,雨星サイファAI-WS_0109,enunu,新形式 (packed model / config.yaml),ENUNU_雨星サイファAI-WS_0109,48000,5,world,True,False,qst.hed,QS=50 CQS=10,VariancePredictor,nnsvs.model.VariancePredictor,60->1,VariancePredictor,nnsvs.model.VariancePredictor,60->1,Multistream (NPSS-MDN),nnsvs.acoustic_models.NPSSMDNMultistreamParametricModel,64->67,lf0_model=BiLSTMResF0NonAttentiveDecoder / mgc_model=GaussianDiffusion / bap_model=GaussianDiffusion / vuv_model=FFConvLSTM,reduction_factor=4,"[60, 1, 1, 5]",,SiFi-GAN,sifigan.models.SiFiGANGenerator,,timing_editor:enunu_timing_auto_correct ; wav_synthesizer:synthe ; acoustic_calculator:nnsvs ; timing_calculator:nnsvs,,,,140.3,3d967bb74b02,,
F:\UTAU\voice,ENUNU薬音ハル#2619,薬音ハルRMDN#2619,enunu,旧形式 (enuconfig.yaml),ENUNU薬音ハル#2619,44100,5,world,,True,canon_001_enunu_272D_2mix_yakune.hed,QS=238 CQS=35,RMDN (MDN),nnsvs.model.RMDN,273->1,RMDN (MDN),nnsvs.model.RMDN,273->1,Conv1dResnet + MDN,nnsvs.model.Conv1dResnetMDN,277->199,,hidden_dim=128 num_layers=6 num_gaussians=4,"[180, 3, 1, 15]",post_filter,WORLD (信号処理),,,timing_editor:velocity_applier+enunu_timing_auto_correct ; acoustic_editor:f0_smoother,,,,75.4,21b07fa9d1d0,,
F:\UTAU\voice,PIX_AI_1,PIX AI 1.0,,旧形式 (enuconfig.yaml),PIX_AI_1,44100,5,world,,True,jp_qst_crazy_mono_012_enunu_212D.hed,QS=177 CQS=35,MDN,nnsvs.model.MDN,212->1,MDN,nnsvs.model.MDN,212->1,Conv1dResnet + MDN,nnsvs.model.Conv1dResnetMDN,216->199,,hidden_dim=512 num_layers=6 num_gaussians=4,"[180, 3, 1, 15]",post_filter,WORLD (信号処理),,,,,,,269.9,0d8b04a1e902,,character.yaml に singer_type: enunu の指定なし
F:\UTAU\voice,SimpleEnunu_夏目悠李_NNSVS_WORLD_v5_PSDA_SiFiGAN_v0.0.1,SimpleEnunu 夏目悠李 NNSVS WORLD v5 PSDA SiFiGAN v0.0.1,enunu,新形式 (packed model / config.yaml),SimpleEnunu_夏目悠李_NNSVS_WORLD_v5_PSDA_SiFiGAN_v0.0.1\model,48000,5,world,True,False,qst.hed,QS=50 CQS=32,VariancePredictor,nnsvs.model.VariancePredictor,82->1,VariancePredictor,nnsvs.model.VariancePredictor,82->1,Multistream (NPSS-MDN),nnsvs.acoustic_models.NPSSMDNMultistreamParametricModel,86->67,lf0_model=BiLSTMResF0NonAttentiveDecoder / mgc_model=GaussianDiffusion / bap_model=GaussianDiffusion / vuv_model=FFConvLSTM,reduction_factor=4,"[60, 1, 1, 5]",,SiFi-GAN,sifigan.models.SiFiGANGenerator,,timing_editor:enunu_timing_auto_correct ; wav_synthesizer:acoustic ; acoustic_calculator:nnsvs ; timing_calculator:nnsvs,,,,139.1,b4d7dfde593f,,モデルはサブフォルダ model にある
F:\UTAU\voice,Yeonu_1.1,Yeonu_1.1,enunu,旧形式 (enuconfig.yaml),Yeonu_1.1,44100,5,world,,False,korean_question_dev.hed,QS=62 CQS=32,VariancePredictor,nnsvs.model.VariancePredictor,94->1,VariancePredictor,nnsvs.model.VariancePredictor,94->1,Multistream (NPSS),nnsvs.acoustic_models.NPSSMultistreamParametricModel,98->67,lf0_model=BiLSTMResF0NonAttentiveDecoder / mgc_model=BiLSTMNonAttentiveDecoder / bap_model=BiLSTMNonAttentiveDecoder / vuv_model=FFConvLSTM,reduction_factor=4,"[60, 1, 1, 5]",gv,WORLD (信号処理),,,,,,,223.8,359cf90f8733,,
I:\NEditor\N-Editor\resources\app\singer,BEEPMAN,BEEPMAN,,N-Editor 疑似シンガー (beep.yaml / NNSVS 非使用),,,,,,,,,,,,,,,,,,,,,,矩形波 BEEP,,,,,,,,,,音響モデルなし。ノート音高で矩形波を鳴らすだけ
I:\NEditor\N-Editor\resources\app\singer,波音リツCC,波音リツ CRISSCROSS #4130 5styles WD HN-uSFGAN,,新形式 (packed model / config.yaml),波音リツCC,48000,5,world,True,False,qst.hed,QS=80 CQS=32,VariancePredictor,nnsvs.model.VariancePredictor,112->1,VariancePredictor,nnsvs.model.VariancePredictor,112->1,Multistream (NPSS-MDN),nnsvs.acoustic_models.NPSSMDNMultistreamParametricModel,116->67,lf0_model=BiLSTMResF0NonAttentiveDecoder / mgc_model=GaussianDiffusion / bap_model=GaussianDiffusion / vuv_model=FFConvLSTM,reduction_factor=4,"[60, 1, 1, 5]",,Parallel HN-uSFGAN,usfgan.models.ParallelHnUSFGANGenerator,,ust_editor:style_shifter+flag_separator ; timing_editor:velocity_applier+enunu_timing_auto_correct ; acoustic_editor:style_shifter,波音リツ CRISSCROSS #4130,intensity[loudest/loud/normal/soft] max=3 ; style[standard/sweet/rock/breathy/pop] max=3,consonant_ratio=0.62,104.9,a15bf1b8dc94,voice/ENUNU_波音リツCC_#4130_5styles_WD_HN-uSFGAN,
I:\NEditor\N-Editor\resources\app\singer,花撫シア,ENUNU_Kanadeshia_vivid,,新形式 (packed model / config.yaml),花撫シア,48000,5,world,True,False,qst.hed,QS=69 CQS=16,VariancePredictor,nnsvs.model.VariancePredictor,85->1,VariancePredictor,nnsvs.model.VariancePredictor,85->1,Multistream (NPSS-MDN),nnsvs.acoustic_models.NPSSMDNMultistreamParametricModel,89->67,lf0_model=BiLSTMResF0NonAttentiveDecoder / mgc_model=GaussianDiffusion / bap_model=GaussianDiffusion / vuv_model=FFConvLSTM,reduction_factor=4,"[60, 1, 1, 5]",,Parallel HN-uSFGAN,usfgan.models.ParallelHnUSFGANGenerator,,ust_editor:style_shifter ; timing_editor:velocity_applier+enunu_timing_auto_correct ; acoustic_editor:style_shifter,花撫シア vivid,style[soft/normal/powerful/loud/rock] max=3,consonant_ratio=0.42,104.7,f04b294e8126,voice/ENUNU_KanadeShia_20251101,
I:\NEditor\N-Editor\resources\app\singer,雨星サイファ,雨星サイファAI_キレWS_2808,,新形式 (packed model / config.yaml),雨星サイファ,48000,5,world,True,False,qst.hed,QS=54 CQS=32,VariancePredictor,nnsvs.model.VariancePredictor,86->1,VariancePredictor,nnsvs.model.VariancePredictor,86->1,Multistream (NPSS-MDN),nnsvs.acoustic_models.NPSSMDNMultistreamParametricModel,90->67,lf0_model=BiLSTMResF0NonAttentiveDecoder / mgc_model=GaussianDiffusion / bap_model=GaussianDiffusion / vuv_model=FFConvLSTM,reduction_factor=4,"[60, 1, 1, 5]",,SiFi-GAN,sifigan.models.SiFiGANGenerator,,timing_editor:enunu_timing_auto_correct,雨星サイファ AI-キレWS 2808,intensity[loudness] max=7,consonant_ratio=0.48,139.1,8601a11ea0af,,
